Time (s),CPU (%),GPU (%),System RAM (%),Ollama RAM (MB),Ollama GPU VRAM (MB),Ollama GPU VRAM (%),CPU Power (W),GPU Power (W),Total Power (W)
7.74,22.0,54,66.7,12.65,0,0,14.3,18.28,32.58
8.85,28.6,39,66.8,12.65,0,0,18.59,14.9,33.49
9.96,19.8,36,66.8,12.65,0,0,12.87,15.27,28.14
11.07,36.7,35,66.9,12.65,0,0,23.86,15.92,39.78
12.18,37.7,32,66.9,12.65,0,0,24.5,17.98,42.49
14.39,32.1,69,66.9,12.65,0,0,20.87,16.95,37.82
15.49,29.1,45,66.8,12.65,0,0,18.92,25.42,44.33
16.6,21.6,31,66.8,12.65,0,0,14.04,24.8,38.84
17.7,6.6,39,66.8,12.65,0,0,4.29,25.43,29.72
18.8,36.2,41,67.2,12.65,0,0,23.53,24.75,48.28
19.9,26.0,35,67.0,12.65,0,0,16.9,25.2,42.1
21.01,23.0,38,67.1,12.65,0,0,14.95,24.79,39.74
23.21,38.3,25,67.8,12.65,0,0,24.89,20.72,45.62
24.32,50.0,32,67.7,12.65,0,0,32.5,24.8,57.3
25.42,13.5,35,67.7,12.65,0,0,8.78,25.36,34.14
26.53,57.6,40,67.8,12.65,0,0,37.44,25.42,62.86
27.63,24.0,35,67.8,12.65,0,0,15.6,25.54,41.13
28.73,26.2,36,67.5,12.65,0,0,17.03,25.23,42.26
29.84,100.0,49,67.4,12.65,0,0,65.0,18.05,83.05
30.94,100.0,42,67.4,12.65,0,0,65.0,14.59,79.59
32.05,22.5,56,67.1,12.65,0,0,14.62,14.48,29.1
34.26,23.0,95,67.2,12.65,0,0,14.95,10.17,25.12
35.36,24.7,44,67.2,12.65,0,0,16.05,15.6,31.65
36.47,19.7,74,67.1,12.65,0,0,12.8,14.67,27.48
37.58,19.8,71,67.1,12.65,0,0,12.87,14.37,27.24
38.68,9.3,52,67.2,12.65,0,0,6.05,14.46,20.5
39.79,14.1,53,67.2,12.65,0,0,9.16,14.5,23.66
40.92,30.3,70,67.1,12.65,0,0,19.7,13.95,33.64
42.02,11.8,59,67.1,12.65,0,0,7.67,14.4,22.07
44.23,13.6,14,67.0,12.65,0,0,8.84,8.57,17.41
45.33,29.7,43,67.1,12.65,0,0,19.3,14.9,34.21
46.43,16.8,43,67.1,12.65,0,0,10.92,14.79,25.7
47.54,15.2,63,67.2,12.65,0,0,9.88,14.58,24.46
48.65,16.3,64,66.9,12.65,0,0,10.6,14.33,24.93
49.78,20.3,65,66.9,12.65,0,0,13.2,14.55,27.75
50.92,27.4,59,66.9,12.65,0,0,17.81,14.37,32.18
52.03,36.6,49,67.0,12.65,0,0,23.79,14.53,38.32
53.13,17.6,46,67.1,12.65,0,0,11.44,14.78,26.22
54.24,37.5,63,67.2,12.65,0,0,24.38,14.56,38.93
56.45,24.3,99,67.6,12.65,0,0,15.79,11.18,26.97
57.55,50.0,45,67.7,12.65,0,0,32.5,14.55,47.05
58.65,38.5,65,67.8,12.65,0,0,25.03,14.48,39.5
59.76,62.5,54,67.9,12.65,0,0,40.62,14.02,54.64
60.87,36.9,36,68.0,12.65,0,0,23.98,14.46,38.45
61.98,36.0,53,68.1,12.65,0,0,23.4,14.93,38.33
63.08,33.7,65,68.0,12.65,0,0,21.91,14.47,36.38
64.19,36.4,42,68.0,12.65,0,0,23.66,14.11,37.77
65.29,42.1,69,68.1,12.65,0,0,27.37,14.64,42.01
68.6,43.3,31,68.5,12.65,0,0,28.14,11.44,39.59
69.71,18.1,55,68.6,12.65,0,0,11.77,15.21,26.97
70.81,51.9,42,68.6,12.65,0,0,33.73,14.32,48.05
71.92,33.9,48,68.7,12.65,0,0,22.03,14.73,36.77
73.03,26.2,39,68.7,12.65,0,0,17.03,14.11,31.14
74.15,29.5,43,68.8,12.65,0,0,19.18,14.62,33.8
75.25,66.7,55,68.8,12.65,0,0,43.36,14.7,58.06
76.36,69.7,58,68.9,12.65,0,0,45.31,14.5,59.8
77.49,28.2,67,68.8,12.65,0,0,18.33,14.18,32.51
80.8,29.2,81,69.0,12.65,0,0,18.98,10.89,29.87
81.91,32.8,67,69.2,12.65,0,0,21.32,15.25,36.57
83.01,35.4,57,69.7,12.65,0,0,23.01,14.12,37.13
84.12,36.2,69,69.8,12.65,0,0,23.53,13.87,37.4
85.23,20.0,67,69.8,12.65,0,0,13.0,14.82,27.82
86.35,28.7,65,69.8,12.65,0,0,18.65,13.93,32.59
87.46,25.3,66,69.8,12.65,0,0,16.45,14.77,31.21
88.56,34.3,62,69.9,12.65,0,0,22.29,14.48,36.78
89.67,21.6,41,69.6,12.65,0,0,14.04,14.46,28.5
90.77,27.4,39,69.4,12.65,0,0,17.81,14.84,32.65
91.87,28.4,41,69.4,12.65,0,0,18.46,14.73,33.19
92.98,7.8,57,69.4,12.65,0,0,5.07,14.38,19.45
95.18,34.8,57,69.5,12.65,0,0,22.62,15.13,37.75
96.29,30.0,57,69.6,12.65,0,0,19.5,14.23,33.73
97.39,25.9,66,69.6,12.65,0,0,16.84,14.71,31.55
98.49,100.0,46,69.6,12.65,0,0,65.0,14.39,79.39
99.6,22.8,52,69.6,12.65,0,0,14.82,14.35,29.17
100.72,31.4,46,69.6,12.65,0,0,20.41,14.63,35.04
101.83,20.0,65,69.8,12.65,0,0,13.0,14.1,27.1
102.94,43.7,52,69.8,12.65,0,0,28.41,14.44,42.85
106.25,33.3,100,69.7,12.65,0,0,21.64,10.46,32.1
107.36,47.6,60,69.8,12.65,0,0,30.94,14.96,45.9
108.46,39.7,54,69.8,12.65,0,0,25.8,14.66,40.47
109.57,31.7,38,69.8,12.65,0,0,20.61,14.65,35.26
110.68,29.6,42,69.8,12.65,0,0,19.24,14.77,34.01
111.79,34.3,67,69.9,12.65,0,0,22.29,14.8,37.09
112.9,37.3,54,69.9,12.65,0,0,24.25,14.65,38.89
116.2,34.9,40,69.7,12.65,0,0,22.68,14.71,37.4
117.31,27.0,59,69.7,12.65,0,0,17.55,14.66,32.21
118.41,34.5,61,69.7,12.65,0,0,22.42,14.34,36.76
119.52,64.4,42,69.7,12.65,0,0,41.86,14.53,56.39
120.62,26.0,53,69.7,12.65,0,0,16.9,14.32,31.22
121.72,39.2,54,69.7,12.65,0,0,25.48,14.35,39.83
122.83,34.2,40,69.7,12.65,0,0,22.23,14.62,36.85
123.93,24.7,45,69.7,12.65,0,0,16.05,14.38,30.43
126.14,19.0,53,69.7,12.65,0,0,12.35,9.45,21.8
127.24,26.0,50,69.7,12.65,0,0,16.9,15.54,32.44
128.34,12.0,68,69.6,12.65,0,0,7.8,14.42,22.22
129.44,30.0,35,69.7,12.65,0,0,19.5,14.31,33.81
130.55,34.2,57,69.7,12.65,0,0,22.23,14.3,36.53
131.66,16.9,50,69.4,12.65,0,0,10.98,14.36,25.35
132.77,28.7,66,69.6,12.65,0,0,18.65,14.22,32.87
133.87,26.6,35,69.6,12.65,0,0,17.29,14.63,31.92
134.97,31.1,47,69.6,12.65,0,0,20.21,14.72,34.93
137.18,34.7,97,69.6,12.65,0,0,22.56,11.01,33.56
138.28,31.7,56,69.6,12.65,0,0,20.61,15.31,35.92
139.39,40.3,58,69.5,12.65,0,0,26.19,14.36,40.56
140.49,25.4,39,69.6,12.65,0,0,16.51,14.66,31.17
141.6,19.8,47,69.7,12.65,0,0,12.87,14.2,27.07
142.7,29.1,57,70.2,12.65,0,0,18.92,14.17,33.08
143.8,25.0,40,70.1,12.65,0,0,16.25,14.15,30.4
144.91,25.4,58,70.1,12.65,0,0,16.51,14.78,31.29
146.02,1.4,27,70.0,12.65,0,0,0.91,13.64,14.55
149.34,21.5,95,69.3,12.65,0,0,13.97,9.73,23.7
150.44,37.7,55,69.3,12.65,0,0,24.5,15.55,40.05
151.55,36.2,63,69.3,12.65,0,0,23.53,14.36,37.89
152.65,71.4,57,69.1,12.65,0,0,46.41,14.31,60.72
153.76,28.9,56,69.2,12.65,0,0,18.79,14.55,33.34
154.86,25.6,50,69.2,12.65,0,0,16.64,14.32,30.96
155.96,20.7,44,69.1,12.65,0,0,13.46,13.95,27.4
157.07,22.5,35,69.1,12.65,0,0,14.62,14.21,28.84
158.17,37.1,42,69.1,12.65,0,0,24.11,14.19,38.3
159.28,26.8,64,69.1,12.65,0,0,17.42,14.31,31.73
160.38,22.9,43,69.0,12.65,0,0,14.88,14.11,28.99
161.48,23.5,50,69.0,12.65,0,0,15.27,14.33,29.6
162.59,22.4,46,69.0,12.65,0,0,14.56,14.2,28.75
163.69,20.0,43,69.1,12.65,0,0,13.0,14.4,27.41
164.79,20.3,65,69.0,12.65,0,0,13.2,14.06,27.26
165.9,19.0,55,69.0,12.65,0,0,12.35,14.39,26.74
167.01,28.2,47,68.9,12.65,0,0,18.33,13.85,32.18
169.21,30.9,94,69.1,12.65,0,0,20.09,10.29,30.37
170.32,25.0,44,69.1,12.65,0,0,16.25,15.47,31.73
171.43,18.4,54,69.1,12.65,0,0,11.96,14.56,26.52
172.53,23.8,61,69.1,12.65,0,0,15.47,14.03,29.5
173.63,25.3,66,69.1,12.65,0,0,16.45,14.41,30.85
174.74,26.4,43,68.9,12.65,0,0,17.16,14.28,31.44
175.84,38.6,63,68.9,12.65,0,0,25.09,14.36,39.45
176.94,17.1,67,68.9,12.65,0,0,11.12,14.03,25.14
178.05,100.0,35,68.9,12.65,0,0,65.0,14.44,79.44
180.27,7.4,95,69.1,12.65,0,0,4.81,11.21,16.02
181.37,26.6,63,69.1,12.65,0,0,17.29,14.82,32.11
182.48,11.6,39,69.0,12.65,0,0,7.54,14.18,21.72
183.59,20.0,60,69.0,12.65,0,0,13.0,14.48,27.48
184.7,23.7,55,69.0,12.65,0,0,15.4,14.01,29.41
185.81,21.2,64,69.0,12.65,0,0,13.78,14.73,28.51
186.92,23.8,64,69.0,12.65,0,0,15.47,14.16,29.63
188.03,20.3,42,69.0,12.65,0,0,13.2,14.17,27.36
189.14,24.7,54,68.9,12.65,0,0,16.05,14.34,30.39
190.24,78.3,49,68.8,12.65,0,0,50.89,14.27,65.16
191.35,18.2,60,68.9,12.65,0,0,11.83,14.32,26.15
195.77,9.1,100,69.1,12.65,0,0,5.92,11.65,17.57
196.87,24.3,54,69.1,12.65,0,0,15.79,14.62,30.41
197.98,39.4,41,69.1,12.65,0,0,25.61,13.89,39.5
199.08,30.0,52,69.0,12.65,0,0,19.5,14.33,33.83
200.18,33.3,34,69.0,12.65,0,0,21.64,14.2,35.84
201.29,15.1,50,69.0,12.65,0,0,9.81,14.5,24.31
202.39,19.8,60,69.7,12.65,0,0,12.87,14.26,27.13
203.51,30.5,58,69.7,12.65,0,0,19.82,13.82,33.64
204.62,27.8,54,69.6,12.65,0,0,18.07,14.34,32.41
205.72,31.3,41,69.5,12.65,0,0,20.34,14.32,34.67
206.82,32.8,64,69.3,12.65,0,0,21.32,14.12,35.44
209.03,12.8,40,68.8,12.65,0,0,8.32,8.98,17.3
210.14,39.1,41,69.0,12.65,0,0,25.41,15.23,40.64
211.25,36.3,64,69.0,12.65,0,0,23.59,14.1,37.7
212.35,25.0,42,68.9,12.65,0,0,16.25,14.32,30.57
213.46,21.4,51,69.0,12.65,0,0,13.91,14.4,28.31
214.56,17.0,61,69.0,12.65,0,0,11.05,14.29,25.34
215.69,13.8,38,69.0,12.65,0,0,8.97,13.9,22.87
216.8,100.0,65,69.0,12.65,0,0,65.0,14.26,79.26
217.92,11.6,42,69.0,12.65,0,0,7.54,13.99,21.53
219.02,17.6,61,68.9,12.65,0,0,11.44,14.03,25.47
221.24,9.9,49,69.0,12.65,0,0,6.44,8.95,15.39
222.34,21.6,46,69.0,12.65,0,0,14.04,15.06,29.1
223.45,29.4,55,69.0,12.65,0,0,19.11,14.2,33.3
224.55,21.2,53,69.0,12.65,0,0,13.78,14.09,27.87
225.66,15.1,41,69.0,12.65,0,0,9.81,14.18,23.99
226.78,24.1,59,69.0,12.65,0,0,15.67,14.3,29.97
227.88,26.7,51,68.9,12.65,0,0,17.36,14.12,31.48
228.99,29.3,53,68.9,12.65,0,0,19.04,14.27,33.32
230.09,26.7,51,68.9,12.65,0,0,17.36,14.14,31.5
231.2,26.6,67,69.3,12.65,0,0,17.29,14.61,31.9
232.32,17.3,45,69.2,12.65,0,0,11.25,14.2,25.44
236.73,38.2,57,69.5,12.65,0,0,24.83,11.8,36.63
237.83,42.7,52,69.6,12.65,0,0,27.76,14.53,42.28
238.94,22.9,51,69.4,12.65,0,0,14.88,14.02,28.91
240.04,59.7,66,69.5,12.65,0,0,38.8,14.52,53.32
241.14,52.1,58,69.6,12.65,0,0,33.87,14.84,48.71
242.25,46.8,54,69.6,12.65,0,0,30.42,14.68,45.1
243.35,22.7,37,69.5,12.65,0,0,14.75,14.39,29.14
244.46,23.1,43,69.5,12.65,0,0,15.02,14.28,29.3
245.57,33.3,38,69.5,12.65,0,0,21.64,13.54,35.18
246.67,32.5,52,69.4,12.65,0,0,21.12,14.24,35.37
247.78,77.3,58,69.3,12.65,0,0,50.25,13.82,64.07
248.88,26.5,48,69.3,12.65,0,0,17.23,14.23,31.46
252.2,29.1,53,69.4,12.65,0,0,18.92,15.29,34.2
253.31,22.0,60,69.4,12.65,0,0,14.3,14.52,28.82
254.41,84.0,62,69.4,12.65,0,0,54.6,14.36,68.95
255.52,20.8,66,69.2,12.65,0,0,13.52,14.2,27.72
256.62,21.4,59,69.2,12.65,0,0,13.91,14.25,28.16
257.74,25.3,59,69.2,12.65,0,0,16.45,13.88,30.32
258.85,21.5,57,69.2,12.65,0,0,13.97,14.18,28.15
259.95,15.2,57,69.2,12.65,0,0,9.88,14.35,24.23
261.07,27.8,64,69.0,12.65,0,0,18.07,13.68,31.75
262.17,38.3,63,69.6,12.65,0,0,24.89,14.17,39.07
265.5,38.3,38,70.0,12.65,0,0,24.89,12.04,36.94
266.6,32.9,44,69.9,12.65,0,0,21.38,14.38,35.77
267.7,39.0,42,70.0,12.65,0,0,25.35,14.34,39.69
268.81,100.0,60,69.7,12.65,0,0,65.0,14.04,79.04
269.91,17.7,60,69.7,12.65,0,0,11.5,14.17,25.67
271.01,26.5,62,69.7,12.65,0,0,17.23,14.42,31.65
272.12,27.3,42,69.7,12.65,0,0,17.75,14.21,31.95
273.22,12.3,47,69.3,12.65,0,0,8.0,14.37,22.37
274.33,54.5,60,69.3,12.65,0,0,35.43,14.13,49.55
275.43,28.6,59,69.1,12.65,0,0,18.59,14.2,32.79
276.54,16.7,56,69.1,12.65,0,0,10.85,13.94,24.8
277.64,19.0,48,69.1,12.65,0,0,12.35,13.72,26.07
278.74,15.6,47,69.1,12.65,0,0,10.14,13.98,24.12
279.85,17.5,61,69.1,12.65,0,0,11.38,13.82,25.19
280.99,45.5,47,69.1,12.65,0,0,29.57,14.13,43.71
282.09,21.7,50,69.1,12.65,0,0,14.11,14.1,28.2
283.21,16.9,45,69.0,12.65,0,0,10.98,14.13,25.11
284.31,100.0,43,68.9,12.65,0,0,65.0,14.17,79.17
287.63,20.9,96,69.1,12.62,0,0,13.58,10.67,24.25
288.73,28.8,32,69.1,12.62,0,0,18.72,14.96,33.68
289.83,32.1,62,69.1,12.62,0,0,20.87,14.29,35.16
290.94,41.7,51,69.3,12.62,0,0,27.11,14.15,41.26
292.04,33.9,54,69.7,12.62,0,0,22.03,14.37,36.4
293.14,23.2,57,69.4,12.62,0,0,15.08,14.11,29.18
294.25,32.6,50,69.3,12.62,0,0,21.19,14.17,35.36
295.36,22.4,44,69.5,12.62,0,0,14.56,14.07,28.63
296.46,24.7,62,69.4,12.62,0,0,16.05,14.37,30.42
297.57,26.1,43,69.4,12.62,0,0,16.96,14.22,31.19
298.67,23.8,52,69.4,12.62,0,0,15.47,13.72,29.19
299.77,20.8,63,69.4,12.62,0,0,13.52,14.44,27.96
300.88,7.3,52,68.9,12.62,0,0,4.75,13.69,18.43
303.08,35.8,100,68.8,12.62,0,0,23.27,11.88,35.15
304.19,34.7,46,68.8,12.62,0,0,22.56,14.67,37.22
305.29,44.4,45,68.8,12.62,0,0,28.86,14.18,43.04
306.4,100.0,58,68.8,12.62,0,0,65.0,13.97,78.97
307.5,26.7,46,68.8,12.62,0,0,17.36,14.04,31.39
308.61,16.7,42,68.7,12.62,0,0,10.85,13.83,24.69
309.71,8.8,42,68.7,12.62,0,0,5.72,13.71,19.43
310.81,15.5,41,68.7,12.62,0,0,10.07,14.27,24.35
311.92,27.5,46,68.7,12.62,0,0,17.88,13.79,31.66
313.02,23.9,39,68.7,12.62,0,0,15.54,14.21,29.75
314.12,100.0,53,68.7,12.62,0,0,65.0,13.89,78.89
315.23,22.7,54,68.6,12.62,0,0,14.75,14.3,29.05
316.34,26.4,62,68.8,12.62,0,0,17.16,14.23,31.39
317.45,31.1,59,69.2,12.62,0,0,20.21,13.94,34.15
318.55,27.3,48,69.2,12.62,0,0,17.75,14.08,31.82
319.65,37.5,55,69.2,12.62,0,0,24.38,14.35,38.73
322.96,18.2,99,70.2,12.62,0,0,11.83,11.14,22.98
324.07,23.2,55,70.0,12.62,0,0,15.08,14.4,29.48
325.17,36.0,43,70.0,12.62,0,0,23.4,14.03,37.43
326.28,8.1,45,69.6,12.62,0,0,5.27,14.33,19.59
327.38,27.0,45,69.6,12.62,0,0,17.55,13.92,31.47
328.51,22.4,58,69.2,12.62,0,0,14.56,14.17,28.73
329.61,29.3,58,68.9,12.62,0,0,19.04,13.89,32.94
330.72,23.0,59,68.8,12.62,0,0,14.95,14.01,28.96
331.83,17.6,52,68.9,12.62,0,0,11.44,14.27,25.71
332.94,100.0,42,68.8,12.62,0,0,65.0,13.63,78.63
334.05,18.4,43,68.6,12.62,0,0,11.96,14.32,26.28
335.18,27.2,40,68.6,12.62,0,0,17.68,13.79,31.47
336.29,45.5,55,68.6,12.62,0,0,29.57,13.92,43.49
337.41,25.4,56,68.6,12.62,0,0,16.51,13.98,30.49
338.54,25.9,44,68.6,12.62,0,0,16.84,13.7,30.53
339.65,5.3,51,68.6,12.62,0,0,3.44,13.76,17.21
340.76,12.2,55,68.6,12.62,0,0,7.93,14.11,22.04
341.87,41.3,46,68.7,12.62,0,0,26.84,14.16,41.01
342.98,18.3,55,69.1,12.62,0,0,11.89,13.88,25.78
344.08,45.8,55,69.1,12.62,0,0,29.77,14.43,44.2
347.39,23.2,94,69.4,12.62,0,0,15.08,10.24,25.32
348.49,25.3,39,69.4,12.62,0,0,16.45,14.78,31.22
349.6,29.2,61,69.4,12.62,0,0,18.98,13.86,32.84
350.7,52.0,50,69.4,12.62,0,0,33.8,14.39,48.19
351.8,26.0,62,69.0,12.62,0,0,16.9,13.74,30.64
352.91,26.6,56,68.9,12.62,0,0,17.29,14.07,31.36
354.01,29.6,53,69.0,12.62,0,0,19.24,14.07,33.31
355.12,25.0,47,68.9,12.62,0,0,16.25,13.58,29.83
356.22,14.8,42,68.8,12.62,0,0,9.62,14.17,23.79
357.32,6.4,42,68.7,12.62,0,0,4.16,13.9,18.06
358.43,31.0,48,68.7,12.62,0,0,20.15,13.75,33.9
359.53,31.2,47,68.7,12.62,0,0,20.28,13.74,34.02
360.63,21.6,48,68.7,12.62,0,0,14.04,14.01,28.05
361.73,22.1,57,68.7,12.62,0,0,14.37,13.64,28.01
365.05,100.0,75,68.9,12.62,0,0,65.0,11.33,76.33
366.15,51.6,47,68.9,12.62,0,0,33.54,13.85,47.39
367.26,32.8,49,69.2,12.62,0,0,21.32,14.17,35.49
368.36,81.6,48,69.5,12.62,0,0,53.04,13.82,66.86
369.47,57.1,45,69.4,12.62,0,0,37.12,14.14,51.26
370.57,38.4,46,69.4,12.62,0,0,24.96,13.72,38.68
371.67,20.5,58,69.5,12.62,0,0,13.32,13.88,27.21
372.78,63.2,46,69.5,12.62,0,0,41.08,13.77,54.85
373.88,4.3,37,69.3,12.62,0,0,2.79,14.28,17.07
374.98,24.7,45,69.3,12.62,0,0,16.05,13.85,29.9
376.09,25.0,52,69.3,12.62,0,0,16.25,14.08,30.33
377.2,29.8,45,69.0,12.62,0,0,19.37,13.88,33.25
378.32,26.2,46,68.9,12.62,0,0,17.03,13.75,30.78
382.75,35.6,33,69.7,12.62,0,0,23.14,13.85,36.99
383.86,24.3,45,69.7,12.62,0,0,15.79,13.93,29.73
384.96,24.0,53,69.7,12.62,0,0,15.6,13.93,29.53
386.07,37.5,48,69.8,12.62,0,0,24.38,13.91,38.28
387.17,9.0,46,69.8,12.62,0,0,5.85,13.65,19.5
388.27,30.9,48,69.8,12.62,0,0,20.09,13.87,33.95
389.38,20.8,44,69.4,12.62,0,0,13.52,14.04,27.56
390.49,31.5,55,69.4,12.62,0,0,20.48,13.8,34.28
391.59,20.3,46,69.1,12.62,0,0,13.2,14.0,27.2
392.69,46.2,47,69.0,12.62,0,0,30.03,13.73,43.76
393.8,30.2,52,69.6,12.62,0,0,19.63,14.06,33.69
394.9,25.3,60,69.5,12.62,0,0,16.45,14.36,30.81
396.01,40.5,59,69.4,12.62,0,0,26.33,13.72,40.05
397.12,17.6,59,69.4,12.62,0,0,11.44,14.53,25.97
398.24,22.2,48,69.5,12.62,0,0,14.43,13.82,28.25
401.55,12.2,100,69.5,12.62,0,0,7.93,10.57,18.5
402.65,58.7,35,69.1,12.62,0,0,38.16,14.06,52.22
403.76,37.0,53,69.1,12.62,0,0,24.05,13.87,37.92
404.86,40.6,48,69.0,12.62,0,0,26.39,13.12,39.51
405.97,24.5,59,69.0,12.62,0,0,15.92,13.51,29.43
407.07,21.5,58,68.8,12.62,0,0,13.97,13.85,27.82
408.18,15.3,48,68.8,12.62,0,0,9.95,13.78,23.73
409.28,22.2,50,68.8,12.62,0,0,14.43,13.6,28.03
410.39,20.8,52,68.8,12.62,0,0,13.52,14.04,27.56
411.49,35.8,45,68.8,12.62,0,0,23.27,13.73,37.0
412.6,11.6,50,68.8,12.62,0,0,7.54,13.98,21.52
413.72,100.0,57,68.7,12.62,0,0,65.0,14.01,79.01
414.82,17.6,47,68.7,12.62,0,0,11.44,13.72,25.16
415.92,19.1,53,68.7,12.62,0,0,12.42,14.04,26.46
417.04,26.9,46,68.8,12.62,0,0,17.48,13.9,31.39
418.15,25.6,53,68.9,12.62,0,0,16.64,13.77,30.41
419.25,28.4,45,69.4,12.62,0,0,18.46,13.74,32.2
420.35,100.0,57,69.4,12.62,0,0,65.0,14.08,79.08
421.46,19.4,50,69.4,12.62,0,0,12.61,14.05,26.66
434.71,8.5,97,68.9,12.62,0,0,5.53,8.31,13.83
435.81,29.9,51,68.9,12.62,0,0,19.43,14.2,33.64
436.92,20.0,51,68.9,12.62,0,0,13.0,13.61,26.61
438.04,100.0,45,68.8,12.62,0,0,65.0,13.96,78.96
439.14,30.8,53,68.8,12.62,0,0,20.02,13.99,34.01
440.25,34.0,49,68.7,12.62,0,0,22.1,13.54,35.64
441.35,23.3,57,68.7,12.62,0,0,15.15,13.81,28.96
442.46,33.7,48,69.9,12.62,0,0,21.91,13.77,35.68
443.56,41.2,46,70.0,12.62,0,0,26.78,13.44,40.22
444.67,43.1,56,70.6,12.62,0,0,28.02,13.73,41.74
445.77,42.7,46,70.5,12.62,0,0,27.76,13.36,41.12
446.87,56.0,46,70.5,12.62,0,0,36.4,13.59,49.99
447.98,23.4,41,70.5,12.62,0,0,15.21,14.2,29.41
449.08,100.0,47,70.3,12.62,0,0,65.0,13.46,78.46
450.19,12.7,48,70.0,12.62,0,0,8.26,13.78,22.04
451.3,21.8,56,70.0,12.62,0,0,14.17,13.61,27.78
452.4,13.8,45,69.9,12.62,0,0,8.97,14.11,23.08
453.51,31.6,40,69.3,12.62,0,0,20.54,13.77,34.31
454.61,12.9,55,69.2,12.62,0,0,8.38,13.55,21.94
455.72,22.2,45,69.1,12.62,0,0,14.43,13.7,28.13
456.83,27.2,50,69.1,12.62,0,0,17.68,13.78,31.46
457.94,21.1,48,69.1,12.62,0,0,13.72,13.76,27.48
459.04,100.0,41,69.1,12.62,0,0,65.0,14.0,79.0
460.16,13.3,41,69.1,12.62,0,0,8.64,13.49,22.14
463.47,48.7,100,69.1,12.62,0,0,31.66,11.33,42.99
464.57,35.6,33,69.1,12.62,0,0,23.14,14.45,37.59
465.68,17.8,43,69.2,12.62,0,0,11.57,13.58,25.15
466.79,21.1,46,69.2,12.62,0,0,13.72,14.05,27.76
467.89,19.4,51,69.2,12.62,0,0,12.61,13.79,26.4
468.99,36.0,45,69.3,12.62,0,0,23.4,13.6,37.0
470.1,29.1,54,69.8,12.62,0,0,18.92,13.8,32.72
471.2,28.6,44,69.7,12.62,0,0,18.59,13.86,32.45
472.3,31.1,50,69.4,12.62,0,0,20.21,13.66,33.87
473.41,20.3,46,69.5,12.62,0,0,13.2,13.77,26.96
474.51,31.4,48,69.4,12.62,0,0,20.41,13.87,34.28
475.62,26.8,55,69.3,12.62,0,0,17.42,13.83,31.25
476.73,19.2,47,69.3,12.62,0,0,12.48,13.78,26.26
477.83,12.5,44,69.3,12.62,0,0,8.12,14.04,22.16
478.95,17.6,56,68.8,12.62,0,0,11.44,13.89,25.33
480.05,22.5,48,68.8,12.62,0,0,14.62,13.92,28.54
481.16,26.2,50,68.7,12.62,0,0,17.03,14.01,31.04
482.32,22.8,47,68.7,12.62,0,0,14.82,13.58,28.4
483.43,25.0,52,68.7,12.62,0,0,16.25,13.81,30.06
484.54,13.9,45,68.7,12.62,0,0,9.04,13.82,22.86
485.64,18.1,41,68.6,12.62,0,0,11.77,14.12,25.89
486.75,17.6,58,68.6,12.62,0,0,11.44,13.87,25.31
487.86,23.2,47,68.6,12.62,0,0,15.08,13.8,28.88
488.97,14.1,49,68.6,12.62,0,0,9.16,13.72,22.88
490.07,19.2,51,68.6,12.62,0,0,12.48,13.74,26.23
491.18,100.0,45,68.6,12.62,0,0,65.0,13.71,78.72
492.28,35.9,42,68.6,12.62,0,0,23.34,13.93,37.27
493.42,72.4,48,68.6,12.62,0,0,47.06,13.59,60.65
497.84,24.1,97,69.4,12.62,0,0,15.67,9.66,25.33
498.94,28.2,58,69.4,12.62,0,0,18.33,14.8,33.13
500.04,100.0,40,69.4,12.62,0,0,65.0,14.22,79.22
501.15,29.1,58,69.4,12.62,0,0,18.92,13.66,32.58
502.25,43.8,46,70.1,12.62,0,0,28.47,13.87,42.34
503.36,37.5,47,69.6,12.62,0,0,24.38,13.36,37.74
504.46,18.0,45,69.6,12.62,0,0,11.7,13.62,25.32
505.56,28.7,53,69.4,12.62,0,0,18.65,13.79,32.44
506.67,24.3,48,69.3,12.62,0,0,15.79,13.78,29.58
507.77,13.7,50,69.3,12.62,0,0,8.9,13.58,22.48
508.88,24.7,52,68.5,12.62,0,0,16.05,13.44,29.49
509.98,23.4,52,68.6,12.62,0,0,15.21,13.79,29.0
511.08,24.7,47,68.6,12.62,0,0,16.05,13.81,29.87
512.19,24.7,49,68.5,12.62,0,0,16.05,13.12,29.17
513.3,29.3,47,68.5,12.62,0,0,19.04,13.83,32.87
514.41,26.2,54,68.5,12.62,0,0,17.03,13.8,30.84
515.51,20.0,54,68.5,12.62,0,0,13.0,13.55,26.55
516.63,9.6,47,68.5,12.62,0,0,6.24,13.29,19.53
517.74,15.8,45,68.5,12.62,0,0,10.27,13.81,24.09
518.84,47.8,48,68.7,12.62,0,0,31.07,13.46,44.53
519.95,35.2,51,69.1,12.62,0,0,22.88,13.87,36.75
521.05,37.3,47,69.1,12.62,0,0,24.25,13.89,38.13
522.15,38.8,56,69.1,12.62,0,0,25.22,13.88,39.1
523.26,100.0,48,69.2,12.62,0,0,65.0,13.89,78.89
524.36,16.7,47,69.2,12.62,0,0,10.85,13.98,24.84
525.47,22.8,46,69.1,12.62,0,0,14.82,13.8,28.62
526.57,17.6,47,69.1,12.62,0,0,11.44,13.89,25.33
527.68,16.5,55,69.1,12.62,0,0,10.72,13.68,24.41
542.04,8.5,100,68.7,12.62,0,0,5.53,14.1,19.62
543.15,27.3,42,68.7,12.62,0,0,17.75,14.43,32.17
544.26,22.5,52,68.7,12.62,0,0,14.62,13.78,28.41
545.36,31.0,48,69.0,12.62,0,0,20.15,13.52,33.67
546.47,34.2,50,69.2,12.62,0,0,22.23,13.43,35.66
547.57,23.5,40,69.2,12.62,0,0,15.27,13.87,29.14
548.67,41.8,49,69.3,12.62,0,0,27.17,13.38,40.55
549.77,35.1,46,69.3,12.62,0,0,22.82,13.77,36.59
550.88,33.3,48,69.3,12.62,0,0,21.64,13.62,35.26
551.98,12.8,49,69.3,12.62,0,0,8.32,13.31,21.63
553.08,14.1,53,69.2,12.62,0,0,9.16,13.73,22.9
554.19,24.4,47,69.2,12.62,0,0,15.86,13.55,29.41
555.3,27.2,46,68.5,12.62,0,0,17.68,13.51,31.19
556.4,13.8,46,68.4,12.62,0,0,8.97,13.79,22.76
557.51,26.7,45,68.4,12.62,0,0,17.36,13.58,30.94
558.62,28.8,48,68.4,12.62,0,0,18.72,13.76,32.48
559.72,15.5,48,68.3,12.62,0,0,10.07,13.2,23.27
560.82,14.3,54,68.3,12.62,0,0,9.3,13.61,22.91
561.94,43.9,49,68.6,12.62,0,0,28.54,13.44,41.97
563.04,28.0,47,69.1,12.62,0,0,18.2,13.36,31.56
564.15,34.2,46,69.0,12.62,0,0,22.23,13.76,35.99
565.27,16.7,55,68.9,12.62,0,0,10.85,13.26,24.12
566.38,31.6,54,68.9,12.62,0,0,20.54,13.57,34.11
567.48,33.3,46,68.9,12.62,0,0,21.64,13.76,35.4
568.58,100.0,46,68.1,12.62,0,0,65.0,13.83,78.83
569.69,12.2,50,68.1,12.62,0,0,7.93,13.27,21.2
570.79,17.8,46,68.1,12.62,0,0,11.57,13.59,25.16
571.89,31.6,47,68.2,12.62,0,0,20.54,13.58,34.12
573.0,15.0,46,68.2,12.62,0,0,9.75,13.42,23.17
574.12,10.3,47,68.2,12.62,0,0,6.7,13.44,20.14
575.23,21.1,48,68.2,12.62,0,0,13.72,13.5,27.21
576.33,20.0,48,68.2,12.62,0,0,13.0,13.55,26.55
577.45,14.1,47,68.2,12.62,0,0,9.16,13.4,22.57
578.55,29.1,54,68.2,12.62,0,0,18.92,13.77,32.69
579.67,33.7,46,68.2,12.62,0,0,21.91,13.82,35.73
580.77,15.8,47,68.2,12.62,0,0,10.27,13.59,23.86
